run_name,run_type,ensemble_method,model_short,context,epochs,seed,freeze_layers,label_id,label,precision,recall,f1,support,source_file
FacebookAI-roberta-base_C0_10epochs_seed67_freeze0,base,,FacebookAI-roberta-base,C0,10,67,0,0,Anger,0.6046511627906976,0.5872689938398358,0.5958333333333333,487,FacebookAI-roberta-base_C0_10epochs_seed67_freeze0\test_logits.csv
FacebookAI-roberta-base_C0_10epochs_seed67_freeze0,base,,FacebookAI-roberta-base,C0,10,67,0,1,Cognitive dysfunction,0.42567567567567566,0.44680851063829785,0.4359861591695502,141,FacebookAI-roberta-base_C0_10epochs_seed67_freeze0\test_logits.csv
FacebookAI-roberta-base_C0_10epochs_seed67_freeze0,base,,FacebookAI-roberta-base,C0,10,67,0,2,Emptiness,0.6834862385321101,0.5539033457249071,0.6119096509240246,269,FacebookAI-roberta-base_C0_10epochs_seed67_freeze0\test_logits.csv
FacebookAI-roberta-base_C0_10epochs_seed67_freeze0,base,,FacebookAI-roberta-base,C0,10,67,0,3,Hopelessness,0.583941605839416,0.7350689127105666,0.6508474576271186,653,FacebookAI-roberta-base_C0_10epochs_seed67_freeze0\test_logits.csv
FacebookAI-roberta-base_C0_10epochs_seed67_freeze0,base,,FacebookAI-roberta-base,C0,10,67,0,4,Loneliness,0.7352941176470589,0.7067137809187279,0.7207207207207207,566,FacebookAI-roberta-base_C0_10epochs_seed67_freeze0\test_logits.csv
FacebookAI-roberta-base_C0_10epochs_seed67_freeze0,base,,FacebookAI-roberta-base,C0,10,67,0,5,No emotion,0.6678062678062678,0.781854569713142,0.7203441917639828,1499,FacebookAI-roberta-base_C0_10epochs_seed67_freeze0\test_logits.csv
FacebookAI-roberta-base_C0_10epochs_seed67_freeze0,base,,FacebookAI-roberta-base,C0,10,67,0,6,Sadness,0.6936416184971098,0.5333333333333333,0.6030150753768844,900,FacebookAI-roberta-base_C0_10epochs_seed67_freeze0\test_logits.csv
FacebookAI-roberta-base_C0_10epochs_seed67_freeze0,base,,FacebookAI-roberta-base,C0,10,67,0,7,Suicide intent,0.7542372881355932,0.624561403508772,0.6833013435700576,285,FacebookAI-roberta-base_C0_10epochs_seed67_freeze0\test_logits.csv
FacebookAI-roberta-base_C0_10epochs_seed67_freeze0,base,,FacebookAI-roberta-base,C0,10,67,0,8,Worthlessness,0.7018970189701897,0.5667396061269147,0.6271186440677966,457,FacebookAI-roberta-base_C0_10epochs_seed67_freeze0\test_logits.csv
FacebookAI-roberta-base_C1_10epochs_seed67_freeze0,base,,FacebookAI-roberta-base,C1,10,67,0,0,Anger,0.6742081447963801,0.6119096509240246,0.6415500538213132,487,FacebookAI-roberta-base_C1_10epochs_seed67_freeze0\test_logits.csv
FacebookAI-roberta-base_C1_10epochs_seed67_freeze0,base,,FacebookAI-roberta-base,C1,10,67,0,1,Cognitive dysfunction,0.46308724832214765,0.48936170212765956,0.47586206896551725,141,FacebookAI-roberta-base_C1_10epochs_seed67_freeze0\test_logits.csv
FacebookAI-roberta-base_C1_10epochs_seed67_freeze0,base,,FacebookAI-roberta-base,C1,10,67,0,2,Emptiness,0.6869918699186992,0.6282527881040892,0.6563106796116505,269,FacebookAI-roberta-base_C1_10epochs_seed67_freeze0\test_logits.csv
FacebookAI-roberta-base_C1_10epochs_seed67_freeze0,base,,FacebookAI-roberta-base,C1,10,67,0,3,Hopelessness,0.6796267496111975,0.669218989280245,0.6743827160493827,653,FacebookAI-roberta-base_C1_10epochs_seed67_freeze0\test_logits.csv
FacebookAI-roberta-base_C1_10epochs_seed67_freeze0,base,,FacebookAI-roberta-base,C1,10,67,0,4,Loneliness,0.7422680412371134,0.7632508833922261,0.7526132404181185,566,FacebookAI-roberta-base_C1_10epochs_seed67_freeze0\test_logits.csv
FacebookAI-roberta-base_C1_10epochs_seed67_freeze0,base,,FacebookAI-roberta-base,C1,10,67,0,5,No emotion,0.7223618090452262,0.7671781187458305,0.7440957618893562,1499,FacebookAI-roberta-base_C1_10epochs_seed67_freeze0\test_logits.csv
FacebookAI-roberta-base_C1_10epochs_seed67_freeze0,base,,FacebookAI-roberta-base,C1,10,67,0,6,Sadness,0.6299559471365639,0.6355555555555555,0.6327433628318584,900,FacebookAI-roberta-base_C1_10epochs_seed67_freeze0\test_logits.csv
FacebookAI-roberta-base_C1_10epochs_seed67_freeze0,base,,FacebookAI-roberta-base,C1,10,67,0,7,Suicide intent,0.7453874538745388,0.7087719298245614,0.7266187050359713,285,FacebookAI-roberta-base_C1_10epochs_seed67_freeze0\test_logits.csv
FacebookAI-roberta-base_C1_10epochs_seed67_freeze0,base,,FacebookAI-roberta-base,C1,10,67,0,8,Worthlessness,0.6367924528301887,0.5908096280087527,0.6129398410896708,457,FacebookAI-roberta-base_C1_10epochs_seed67_freeze0\test_logits.csv
FacebookAI-roberta-base_C2_10epochs_seed67_freeze0,base,,FacebookAI-roberta-base,C2,10,67,0,0,Anger,0.7391304347826086,0.5236139630390144,0.6129807692307693,487,FacebookAI-roberta-base_C2_10epochs_seed67_freeze0\test_logits.csv
FacebookAI-roberta-base_C2_10epochs_seed67_freeze0,base,,FacebookAI-roberta-base,C2,10,67,0,1,Cognitive dysfunction,0.45985401459854014,0.44680851063829785,0.45323741007194246,141,FacebookAI-roberta-base_C2_10epochs_seed67_freeze0\test_logits.csv
FacebookAI-roberta-base_C2_10epochs_seed67_freeze0,base,,FacebookAI-roberta-base,C2,10,67,0,2,Emptiness,0.7069767441860465,0.5650557620817844,0.628099173553719,269,FacebookAI-roberta-base_C2_10epochs_seed67_freeze0\test_logits.csv
FacebookAI-roberta-base_C2_10epochs_seed67_freeze0,base,,FacebookAI-roberta-base,C2,10,67,0,3,Hopelessness,0.6692546583850931,0.6600306278713629,0.6646106399383191,653,FacebookAI-roberta-base_C2_10epochs_seed67_freeze0\test_logits.csv
FacebookAI-roberta-base_C2_10epochs_seed67_freeze0,base,,FacebookAI-roberta-base,C2,10,67,0,4,Loneliness,0.7508896797153025,0.7455830388692579,0.74822695035461,566,FacebookAI-roberta-base_C2_10epochs_seed67_freeze0\test_logits.csv
FacebookAI-roberta-base_C2_10epochs_seed67_freeze0,base,,FacebookAI-roberta-base,C2,10,67,0,5,No emotion,0.6940045248868778,0.818545697131421,0.751147842056933,1499,FacebookAI-roberta-base_C2_10epochs_seed67_freeze0\test_logits.csv
FacebookAI-roberta-base_C2_10epochs_seed67_freeze0,base,,FacebookAI-roberta-base,C2,10,67,0,6,Sadness,0.64947245017585,0.6155555555555555,0.6320593268682259,900,FacebookAI-roberta-base_C2_10epochs_seed67_freeze0\test_logits.csv
FacebookAI-roberta-base_C2_10epochs_seed67_freeze0,base,,FacebookAI-roberta-base,C2,10,67,0,7,Suicide intent,0.7250859106529209,0.7403508771929824,0.7326388888888888,285,FacebookAI-roberta-base_C2_10epochs_seed67_freeze0\test_logits.csv
FacebookAI-roberta-base_C2_10epochs_seed67_freeze0,base,,FacebookAI-roberta-base,C2,10,67,0,8,Worthlessness,0.6493212669683258,0.6280087527352297,0.6384872080088988,457,FacebookAI-roberta-base_C2_10epochs_seed67_freeze0\test_logits.csv
FacebookAI-roberta-base_C3_10epochs_seed67_freeze0,base,,FacebookAI-roberta-base,C3,10,67,0,0,Anger,0.6883116883116883,0.6529774127310062,0.6701791359325606,487,FacebookAI-roberta-base_C3_10epochs_seed67_freeze0\test_logits.csv
FacebookAI-roberta-base_C3_10epochs_seed67_freeze0,base,,FacebookAI-roberta-base,C3,10,67,0,1,Cognitive dysfunction,0.5145631067961165,0.375886524822695,0.4344262295081967,141,FacebookAI-roberta-base_C3_10epochs_seed67_freeze0\test_logits.csv
FacebookAI-roberta-base_C3_10epochs_seed67_freeze0,base,,FacebookAI-roberta-base,C3,10,67,0,2,Emptiness,0.7030567685589519,0.5985130111524164,0.6465863453815262,269,FacebookAI-roberta-base_C3_10epochs_seed67_freeze0\test_logits.csv
FacebookAI-roberta-base_C3_10epochs_seed67_freeze0,base,,FacebookAI-roberta-base,C3,10,67,0,3,Hopelessness,0.662873399715505,0.7136294027565084,0.6873156342182891,653,FacebookAI-roberta-base_C3_10epochs_seed67_freeze0\test_logits.csv
FacebookAI-roberta-base_C3_10epochs_seed67_freeze0,base,,FacebookAI-roberta-base,C3,10,67,0,4,Loneliness,0.7602996254681648,0.7173144876325088,0.7381818181818182,566,FacebookAI-roberta-base_C3_10epochs_seed67_freeze0\test_logits.csv
FacebookAI-roberta-base_C3_10epochs_seed67_freeze0,base,,FacebookAI-roberta-base,C3,10,67,0,5,No emotion,0.7337862878319951,0.7925283522348232,0.7620269403463759,1499,FacebookAI-roberta-base_C3_10epochs_seed67_freeze0\test_logits.csv
FacebookAI-roberta-base_C3_10epochs_seed67_freeze0,base,,FacebookAI-roberta-base,C3,10,67,0,6,Sadness,0.6443965517241379,0.6644444444444444,0.6542669584245077,900,FacebookAI-roberta-base_C3_10epochs_seed67_freeze0\test_logits.csv
FacebookAI-roberta-base_C3_10epochs_seed67_freeze0,base,,FacebookAI-roberta-base,C3,10,67,0,7,Suicide intent,0.8024691358024691,0.6842105263157895,0.7386363636363636,285,FacebookAI-roberta-base_C3_10epochs_seed67_freeze0\test_logits.csv
FacebookAI-roberta-base_C3_10epochs_seed67_freeze0,base,,FacebookAI-roberta-base,C3,10,67,0,8,Worthlessness,0.6467889908256881,0.6170678336980306,0.631578947368421,457,FacebookAI-roberta-base_C3_10epochs_seed67_freeze0\test_logits.csv
google-bert-bert-base-uncased_C0_10epochs_seed67_freeze0,base,,google-bert-bert-base-uncased,C0,10,67,0,0,Anger,0.5659090909090909,0.5112936344969199,0.5372168284789643,487,google-bert-bert-base-uncased_C0_10epochs_seed67_freeze0\test_logits.csv
google-bert-bert-base-uncased_C0_10epochs_seed67_freeze0,base,,google-bert-bert-base-uncased,C0,10,67,0,1,Cognitive dysfunction,0.3484848484848485,0.3262411347517731,0.336996336996337,141,google-bert-bert-base-uncased_C0_10epochs_seed67_freeze0\test_logits.csv
google-bert-bert-base-uncased_C0_10epochs_seed67_freeze0,base,,google-bert-bert-base-uncased,C0,10,67,0,2,Emptiness,0.5860655737704918,0.5315985130111525,0.557504873294347,269,google-bert-bert-base-uncased_C0_10epochs_seed67_freeze0\test_logits.csv
google-bert-bert-base-uncased_C0_10epochs_seed67_freeze0,base,,google-bert-bert-base-uncased,C0,10,67,0,3,Hopelessness,0.6261538461538462,0.6232771822358346,0.624712202609363,653,google-bert-bert-base-uncased_C0_10epochs_seed67_freeze0\test_logits.csv
google-bert-bert-base-uncased_C0_10epochs_seed67_freeze0,base,,google-bert-bert-base-uncased,C0,10,67,0,4,Loneliness,0.7129629629629629,0.6802120141342756,0.6962025316455697,566,google-bert-bert-base-uncased_C0_10epochs_seed67_freeze0\test_logits.csv
google-bert-bert-base-uncased_C0_10epochs_seed67_freeze0,base,,google-bert-bert-base-uncased,C0,10,67,0,5,No emotion,0.6444188722669736,0.7471647765176784,0.691998764287921,1499,google-bert-bert-base-uncased_C0_10epochs_seed67_freeze0\test_logits.csv
google-bert-bert-base-uncased_C0_10epochs_seed67_freeze0,base,,google-bert-bert-base-uncased,C0,10,67,0,6,Sadness,0.6082725060827251,0.5555555555555556,0.5807200929152149,900,google-bert-bert-base-uncased_C0_10epochs_seed67_freeze0\test_logits.csv
google-bert-bert-base-uncased_C0_10epochs_seed67_freeze0,base,,google-bert-bert-base-uncased,C0,10,67,0,7,Suicide intent,0.6630824372759857,0.6491228070175439,0.6560283687943262,285,google-bert-bert-base-uncased_C0_10epochs_seed67_freeze0\test_logits.csv
google-bert-bert-base-uncased_C0_10epochs_seed67_freeze0,base,,google-bert-bert-base-uncased,C0,10,67,0,8,Worthlessness,0.6383495145631068,0.5754923413566739,0.6052934407364787,457,google-bert-bert-base-uncased_C0_10epochs_seed67_freeze0\test_logits.csv
google-bert-bert-base-uncased_C1_10epochs_seed67_freeze0,base,,google-bert-bert-base-uncased,C1,10,67,0,0,Anger,0.610989010989011,0.5708418891170431,0.5902335456475584,487,google-bert-bert-base-uncased_C1_10epochs_seed67_freeze0\test_logits.csv
google-bert-bert-base-uncased_C1_10epochs_seed67_freeze0,base,,google-bert-bert-base-uncased,C1,10,67,0,1,Cognitive dysfunction,0.46511627906976744,0.425531914893617,0.4444444444444444,141,google-bert-bert-base-uncased_C1_10epochs_seed67_freeze0\test_logits.csv
google-bert-bert-base-uncased_C1_10epochs_seed67_freeze0,base,,google-bert-bert-base-uncased,C1,10,67,0,2,Emptiness,0.6290322580645161,0.5799256505576208,0.6034816247582205,269,google-bert-bert-base-uncased_C1_10epochs_seed67_freeze0\test_logits.csv
google-bert-bert-base-uncased_C1_10epochs_seed67_freeze0,base,,google-bert-bert-base-uncased,C1,10,67,0,3,Hopelessness,0.6114911080711354,0.6845329249617151,0.6459537572254336,653,google-bert-bert-base-uncased_C1_10epochs_seed67_freeze0\test_logits.csv
google-bert-bert-base-uncased_C1_10epochs_seed67_freeze0,base,,google-bert-bert-base-uncased,C1,10,67,0,4,Loneliness,0.7132743362831858,0.7120141342756183,0.7126436781609196,566,google-bert-bert-base-uncased_C1_10epochs_seed67_freeze0\test_logits.csv
google-bert-bert-base-uncased_C1_10epochs_seed67_freeze0,base,,google-bert-bert-base-uncased,C1,10,67,0,5,No emotion,0.7162426614481409,0.7324883255503669,0.7242744063324539,1499,google-bert-bert-base-uncased_C1_10epochs_seed67_freeze0\test_logits.csv
google-bert-bert-base-uncased_C1_10epochs_seed67_freeze0,base,,google-bert-bert-base-uncased,C1,10,67,0,6,Sadness,0.5861702127659575,0.6122222222222222,0.5989130434782609,900,google-bert-bert-base-uncased_C1_10epochs_seed67_freeze0\test_logits.csv
google-bert-bert-base-uncased_C1_10epochs_seed67_freeze0,base,,google-bert-bert-base-uncased,C1,10,67,0,7,Suicide intent,0.7323420074349443,0.6912280701754386,0.7111913357400722,285,google-bert-bert-base-uncased_C1_10epochs_seed67_freeze0\test_logits.csv
google-bert-bert-base-uncased_C1_10epochs_seed67_freeze0,base,,google-bert-bert-base-uncased,C1,10,67,0,8,Worthlessness,0.6640826873385013,0.562363238512035,0.6090047393364929,457,google-bert-bert-base-uncased_C1_10epochs_seed67_freeze0\test_logits.csv
google-bert-bert-base-uncased_C2_10epochs_seed67_freeze0,base,,google-bert-bert-base-uncased,C2,10,67,0,0,Anger,0.6395061728395062,0.5318275154004107,0.5807174887892377,487,google-bert-bert-base-uncased_C2_10epochs_seed67_freeze0\test_logits.csv
google-bert-bert-base-uncased_C2_10epochs_seed67_freeze0,base,,google-bert-bert-base-uncased,C2,10,67,0,1,Cognitive dysfunction,0.4326241134751773,0.4326241134751773,0.4326241134751773,141,google-bert-bert-base-uncased_C2_10epochs_seed67_freeze0\test_logits.csv
google-bert-bert-base-uncased_C2_10epochs_seed67_freeze0,base,,google-bert-bert-base-uncased,C2,10,67,0,2,Emptiness,0.6138996138996139,0.5910780669144982,0.6022727272727273,269,google-bert-bert-base-uncased_C2_10epochs_seed67_freeze0\test_logits.csv
google-bert-bert-base-uncased_C2_10epochs_seed67_freeze0,base,,google-bert-bert-base-uncased,C2,10,67,0,3,Hopelessness,0.6206896551724138,0.6615620214395099,0.6404744255003706,653,google-bert-bert-base-uncased_C2_10epochs_seed67_freeze0\test_logits.csv
google-bert-bert-base-uncased_C2_10epochs_seed67_freeze0,base,,google-bert-bert-base-uncased,C2,10,67,0,4,Loneliness,0.7074829931972789,0.734982332155477,0.7209705372616985,566,google-bert-bert-base-uncased_C2_10epochs_seed67_freeze0\test_logits.csv
google-bert-bert-base-uncased_C2_10epochs_seed67_freeze0,base,,google-bert-bert-base-uncased,C2,10,67,0,5,No emotion,0.6771700356718192,0.7598398932621748,0.7161270040867652,1499,google-bert-bert-base-uncased_C2_10epochs_seed67_freeze0\test_logits.csv
google-bert-bert-base-uncased_C2_10epochs_seed67_freeze0,base,,google-bert-bert-base-uncased,C2,10,67,0,6,Sadness,0.6077015643802648,0.5611111111111111,0.5834777585210861,900,google-bert-bert-base-uncased_C2_10epochs_seed67_freeze0\test_logits.csv
google-bert-bert-base-uncased_C2_10epochs_seed67_freeze0,base,,google-bert-bert-base-uncased,C2,10,67,0,7,Suicide intent,0.6897810218978102,0.6631578947368421,0.6762075134168157,285,google-bert-bert-base-uncased_C2_10epochs_seed67_freeze0\test_logits.csv
google-bert-bert-base-uncased_C2_10epochs_seed67_freeze0,base,,google-bert-bert-base-uncased,C2,10,67,0,8,Worthlessness,0.6745406824146981,0.562363238512035,0.6133651551312649,457,google-bert-bert-base-uncased_C2_10epochs_seed67_freeze0\test_logits.csv
google-bert-bert-base-uncased_C3_10epochs_seed67_freeze0,base,,google-bert-bert-base-uncased,C3,10,67,0,0,Anger,0.6658291457286433,0.5441478439425051,0.5988700564971752,487,google-bert-bert-base-uncased_C3_10epochs_seed67_freeze0\test_logits.csv
google-bert-bert-base-uncased_C3_10epochs_seed67_freeze0,base,,google-bert-bert-base-uncased,C3,10,67,0,1,Cognitive dysfunction,0.3987341772151899,0.44680851063829785,0.4214046822742475,141,google-bert-bert-base-uncased_C3_10epochs_seed67_freeze0\test_logits.csv
google-bert-bert-base-uncased_C3_10epochs_seed67_freeze0,base,,google-bert-bert-base-uncased,C3,10,67,0,2,Emptiness,0.6496062992125984,0.6133828996282528,0.6309751434034416,269,google-bert-bert-base-uncased_C3_10epochs_seed67_freeze0\test_logits.csv
google-bert-bert-base-uncased_C3_10epochs_seed67_freeze0,base,,google-bert-bert-base-uncased,C3,10,67,0,3,Hopelessness,0.6376146788990825,0.6385911179173047,0.6381025248661056,653,google-bert-bert-base-uncased_C3_10epochs_seed67_freeze0\test_logits.csv
google-bert-bert-base-uncased_C3_10epochs_seed67_freeze0,base,,google-bert-bert-base-uncased,C3,10,67,0,4,Loneliness,0.7302977232924693,0.7367491166077739,0.7335092348284961,566,google-bert-bert-base-uncased_C3_10epochs_seed67_freeze0\test_logits.csv
google-bert-bert-base-uncased_C3_10epochs_seed67_freeze0,base,,google-bert-bert-base-uncased,C3,10,67,0,5,No emotion,0.6662889518413597,0.7845230153435624,0.7205882352941176,1499,google-bert-bert-base-uncased_C3_10epochs_seed67_freeze0\test_logits.csv
google-bert-bert-base-uncased_C3_10epochs_seed67_freeze0,base,,google-bert-bert-base-uncased,C3,10,67,0,6,Sadness,0.6069651741293532,0.5422222222222223,0.5727699530516432,900,google-bert-bert-base-uncased_C3_10epochs_seed67_freeze0\test_logits.csv
google-bert-bert-base-uncased_C3_10epochs_seed67_freeze0,base,,google-bert-bert-base-uncased,C3,10,67,0,7,Suicide intent,0.7605042016806722,0.6350877192982456,0.6921606118546845,285,google-bert-bert-base-uncased_C3_10epochs_seed67_freeze0\test_logits.csv
google-bert-bert-base-uncased_C3_10epochs_seed67_freeze0,base,,google-bert-bert-base-uncased,C3,10,67,0,8,Worthlessness,0.6265060240963856,0.5689277899343544,0.5963302752293578,457,google-bert-bert-base-uncased_C3_10epochs_seed67_freeze0\test_logits.csv
mental-mental-bert-base-uncased_C0_10epochs_seed67_freeze0,base,,mental-mental-bert-base-uncased,C0,10,67,0,0,Anger,0.5625,0.5174537987679672,0.5390374331550802,487,mental-mental-bert-base-uncased_C0_10epochs_seed67_freeze0\test_logits.csv
mental-mental-bert-base-uncased_C0_10epochs_seed67_freeze0,base,,mental-mental-bert-base-uncased,C0,10,67,0,1,Cognitive dysfunction,0.37349397590361444,0.4397163120567376,0.40390879478827363,141,mental-mental-bert-base-uncased_C0_10epochs_seed67_freeze0\test_logits.csv
mental-mental-bert-base-uncased_C0_10epochs_seed67_freeze0,base,,mental-mental-bert-base-uncased,C0,10,67,0,2,Emptiness,0.6949152542372882,0.45724907063197023,0.5515695067264574,269,mental-mental-bert-base-uncased_C0_10epochs_seed67_freeze0\test_logits.csv
mental-mental-bert-base-uncased_C0_10epochs_seed67_freeze0,base,,mental-mental-bert-base-uncased,C0,10,67,0,3,Hopelessness,0.6427503736920778,0.6584992343032159,0.6505295007564297,653,mental-mental-bert-base-uncased_C0_10epochs_seed67_freeze0\test_logits.csv
mental-mental-bert-base-uncased_C0_10epochs_seed67_freeze0,base,,mental-mental-bert-base-uncased,C0,10,67,0,4,Loneliness,0.7161716171617162,0.7667844522968198,0.7406143344709898,566,mental-mental-bert-base-uncased_C0_10epochs_seed67_freeze0\test_logits.csv
mental-mental-bert-base-uncased_C0_10epochs_seed67_freeze0,base,,mental-mental-bert-base-uncased,C0,10,67,0,5,No emotion,0.6611957796014069,0.752501667778519,0.7039001560062402,1499,mental-mental-bert-base-uncased_C0_10epochs_seed67_freeze0\test_logits.csv
mental-mental-bert-base-uncased_C0_10epochs_seed67_freeze0,base,,mental-mental-bert-base-uncased,C0,10,67,0,6,Sadness,0.6116625310173698,0.5477777777777778,0.5779601406799532,900,mental-mental-bert-base-uncased_C0_10epochs_seed67_freeze0\test_logits.csv
mental-mental-bert-base-uncased_C0_10epochs_seed67_freeze0,base,,mental-mental-bert-base-uncased,C0,10,67,0,7,Suicide intent,0.7074074074074074,0.6701754385964912,0.6882882882882883,285,mental-mental-bert-base-uncased_C0_10epochs_seed67_freeze0\test_logits.csv
mental-mental-bert-base-uncased_C0_10epochs_seed67_freeze0,base,,mental-mental-bert-base-uncased,C0,10,67,0,8,Worthlessness,0.6332518337408313,0.5667396061269147,0.5981524249422633,457,mental-mental-bert-base-uncased_C0_10epochs_seed67_freeze0\test_logits.csv
mental-mental-bert-base-uncased_C1_10epochs_seed67_freeze0,base,,mental-mental-bert-base-uncased,C1,10,67,0,0,Anger,0.6513317191283293,0.5523613963039015,0.5977777777777777,487,mental-mental-bert-base-uncased_C1_10epochs_seed67_freeze0\test_logits.csv
mental-mental-bert-base-uncased_C1_10epochs_seed67_freeze0,base,,mental-mental-bert-base-uncased,C1,10,67,0,1,Cognitive dysfunction,0.4172661870503597,0.41134751773049644,0.4142857142857143,141,mental-mental-bert-base-uncased_C1_10epochs_seed67_freeze0\test_logits.csv
mental-mental-bert-base-uncased_C1_10epochs_seed67_freeze0,base,,mental-mental-bert-base-uncased,C1,10,67,0,2,Emptiness,0.7128712871287128,0.5353159851301115,0.6114649681528662,269,mental-mental-bert-base-uncased_C1_10epochs_seed67_freeze0\test_logits.csv
mental-mental-bert-base-uncased_C1_10epochs_seed67_freeze0,base,,mental-mental-bert-base-uncased,C1,10,67,0,3,Hopelessness,0.6206896551724138,0.6891271056661562,0.6531204644412192,653,mental-mental-bert-base-uncased_C1_10epochs_seed67_freeze0\test_logits.csv
mental-mental-bert-base-uncased_C1_10epochs_seed67_freeze0,base,,mental-mental-bert-base-uncased,C1,10,67,0,4,Loneliness,0.6796992481203008,0.7985865724381626,0.7343623070674249,566,mental-mental-bert-base-uncased_C1_10epochs_seed67_freeze0\test_logits.csv
mental-mental-bert-base-uncased_C1_10epochs_seed67_freeze0,base,,mental-mental-bert-base-uncased,C1,10,67,0,5,No emotion,0.7140983606557377,0.7264843228819213,0.7202380952380952,1499,mental-mental-bert-base-uncased_C1_10epochs_seed67_freeze0\test_logits.csv
mental-mental-bert-base-uncased_C1_10epochs_seed67_freeze0,base,,mental-mental-bert-base-uncased,C1,10,67,0,6,Sadness,0.6093928980526919,0.5911111111111111,0.6001128031584885,900,mental-mental-bert-base-uncased_C1_10epochs_seed67_freeze0\test_logits.csv
mental-mental-bert-base-uncased_C1_10epochs_seed67_freeze0,base,,mental-mental-bert-base-uncased,C1,10,67,0,7,Suicide intent,0.6741214057507987,0.7403508771929824,0.705685618729097,285,mental-mental-bert-base-uncased_C1_10epochs_seed67_freeze0\test_logits.csv
mental-mental-bert-base-uncased_C1_10epochs_seed67_freeze0,base,,mental-mental-bert-base-uncased,C1,10,67,0,8,Worthlessness,0.6442786069651741,0.5667396061269147,0.6030267753201397,457,mental-mental-bert-base-uncased_C1_10epochs_seed67_freeze0\test_logits.csv
mental-mental-bert-base-uncased_C2_10epochs_seed67_freeze0,base,,mental-mental-bert-base-uncased,C2,10,67,0,0,Anger,0.7020648967551623,0.4887063655030801,0.576271186440678,487,mental-mental-bert-base-uncased_C2_10epochs_seed67_freeze0\test_logits.csv
mental-mental-bert-base-uncased_C2_10epochs_seed67_freeze0,base,,mental-mental-bert-base-uncased,C2,10,67,0,1,Cognitive dysfunction,0.39285714285714285,0.46808510638297873,0.42718446601941745,141,mental-mental-bert-base-uncased_C2_10epochs_seed67_freeze0\test_logits.csv
mental-mental-bert-base-uncased_C2_10epochs_seed67_freeze0,base,,mental-mental-bert-base-uncased,C2,10,67,0,2,Emptiness,0.6082089552238806,0.6059479553903345,0.6070763500931099,269,mental-mental-bert-base-uncased_C2_10epochs_seed67_freeze0\test_logits.csv
mental-mental-bert-base-uncased_C2_10epochs_seed67_freeze0,base,,mental-mental-bert-base-uncased,C2,10,67,0,3,Hopelessness,0.6134453781512605,0.6707503828483921,0.6408193123628383,653,mental-mental-bert-base-uncased_C2_10epochs_seed67_freeze0\test_logits.csv
mental-mental-bert-base-uncased_C2_10epochs_seed67_freeze0,base,,mental-mental-bert-base-uncased,C2,10,67,0,4,Loneliness,0.7415329768270945,0.734982332155477,0.738243123336291,566,mental-mental-bert-base-uncased_C2_10epochs_seed67_freeze0\test_logits.csv
mental-mental-bert-base-uncased_C2_10epochs_seed67_freeze0,base,,mental-mental-bert-base-uncased,C2,10,67,0,5,No emotion,0.6755833807626637,0.7918612408272181,0.7291154791154791,1499,mental-mental-bert-base-uncased_C2_10epochs_seed67_freeze0\test_logits.csv
mental-mental-bert-base-uncased_C2_10epochs_seed67_freeze0,base,,mental-mental-bert-base-uncased,C2,10,67,0,6,Sadness,0.6232258064516129,0.5366666666666666,0.5767164179104478,900,mental-mental-bert-base-uncased_C2_10epochs_seed67_freeze0\test_logits.csv
mental-mental-bert-base-uncased_C2_10epochs_seed67_freeze0,base,,mental-mental-bert-base-uncased,C2,10,67,0,7,Suicide intent,0.7073170731707317,0.712280701754386,0.7097902097902098,285,mental-mental-bert-base-uncased_C2_10epochs_seed67_freeze0\test_logits.csv
mental-mental-bert-base-uncased_C2_10epochs_seed67_freeze0,base,,mental-mental-bert-base-uncased,C2,10,67,0,8,Worthlessness,0.6726804123711341,0.5711159737417943,0.6177514792899408,457,mental-mental-bert-base-uncased_C2_10epochs_seed67_freeze0\test_logits.csv
mental-mental-bert-base-uncased_C3_10epochs_seed67_freeze0,base,,mental-mental-bert-base-uncased,C3,10,67,0,0,Anger,0.662269129287599,0.5154004106776181,0.5796766743648961,487,mental-mental-bert-base-uncased_C3_10epochs_seed67_freeze0\test_logits.csv
mental-mental-bert-base-uncased_C3_10epochs_seed67_freeze0,base,,mental-mental-bert-base-uncased,C3,10,67,0,1,Cognitive dysfunction,0.5092592592592593,0.3900709219858156,0.44176706827309237,141,mental-mental-bert-base-uncased_C3_10epochs_seed67_freeze0\test_logits.csv
mental-mental-bert-base-uncased_C3_10epochs_seed67_freeze0,base,,mental-mental-bert-base-uncased,C3,10,67,0,2,Emptiness,0.6995073891625616,0.5278810408921933,0.6016949152542372,269,mental-mental-bert-base-uncased_C3_10epochs_seed67_freeze0\test_logits.csv
mental-mental-bert-base-uncased_C3_10epochs_seed67_freeze0,base,,mental-mental-bert-base-uncased,C3,10,67,0,3,Hopelessness,0.6736334405144695,0.6416539050535988,0.6572549019607843,653,mental-mental-bert-base-uncased_C3_10epochs_seed67_freeze0\test_logits.csv
mental-mental-bert-base-uncased_C3_10epochs_seed67_freeze0,base,,mental-mental-bert-base-uncased,C3,10,67,0,4,Loneliness,0.7490774907749077,0.7173144876325088,0.7328519855595668,566,mental-mental-bert-base-uncased_C3_10epochs_seed67_freeze0\test_logits.csv
mental-mental-bert-base-uncased_C3_10epochs_seed67_freeze0,base,,mental-mental-bert-base-uncased,C3,10,67,0,5,No emotion,0.6880841121495327,0.7858572381587725,0.7337278106508875,1499,mental-mental-bert-base-uncased_C3_10epochs_seed67_freeze0\test_logits.csv
mental-mental-bert-base-uncased_C3_10epochs_seed67_freeze0,base,,mental-mental-bert-base-uncased,C3,10,67,0,6,Sadness,0.5697091273821464,0.6311111111111111,0.5988402741170269,900,mental-mental-bert-base-uncased_C3_10epochs_seed67_freeze0\test_logits.csv
mental-mental-bert-base-uncased_C3_10epochs_seed67_freeze0,base,,mental-mental-bert-base-uncased,C3,10,67,0,7,Suicide intent,0.7350746268656716,0.6912280701754386,0.7124773960216998,285,mental-mental-bert-base-uncased_C3_10epochs_seed67_freeze0\test_logits.csv
mental-mental-bert-base-uncased_C3_10epochs_seed67_freeze0,base,,mental-mental-bert-base-uncased,C3,10,67,0,8,Worthlessness,0.6431924882629108,0.5995623632385121,0.6206115515288788,457,mental-mental-bert-base-uncased_C3_10epochs_seed67_freeze0\test_logits.csv
mental-mental-roberta-base_C0_10epochs_seed67_freeze0,base,,mental-mental-roberta-base,C0,10,67,0,0,Anger,0.683291770573566,0.5626283367556468,0.6171171171171171,487,mental-mental-roberta-base_C0_10epochs_seed67_freeze0\test_logits.csv
mental-mental-roberta-base_C0_10epochs_seed67_freeze0,base,,mental-mental-roberta-base,C0,10,67,0,1,Cognitive dysfunction,0.41025641025641024,0.45390070921985815,0.43097643097643096,141,mental-mental-roberta-base_C0_10epochs_seed67_freeze0\test_logits.csv
mental-mental-roberta-base_C0_10epochs_seed67_freeze0,base,,mental-mental-roberta-base,C0,10,67,0,2,Emptiness,0.6625,0.5910780669144982,0.6247544204322201,269,mental-mental-roberta-base_C0_10epochs_seed67_freeze0\test_logits.csv
mental-mental-roberta-base_C0_10epochs_seed67_freeze0,base,,mental-mental-roberta-base,C0,10,67,0,3,Hopelessness,0.6713178294573643,0.663093415007657,0.6671802773497689,653,mental-mental-roberta-base_C0_10epochs_seed67_freeze0\test_logits.csv
mental-mental-roberta-base_C0_10epochs_seed67_freeze0,base,,mental-mental-roberta-base,C0,10,67,0,4,Loneliness,0.7145214521452146,0.765017667844523,0.7389078498293515,566,mental-mental-roberta-base_C0_10epochs_seed67_freeze0\test_logits.csv
mental-mental-roberta-base_C0_10epochs_seed67_freeze0,base,,mental-mental-roberta-base,C0,10,67,0,5,No emotion,0.6587215601300108,0.8112074716477652,0.7270553064275037,1499,mental-mental-roberta-base_C0_10epochs_seed67_freeze0\test_logits.csv
mental-mental-roberta-base_C0_10epochs_seed67_freeze0,base,,mental-mental-roberta-base,C0,10,67,0,6,Sadness,0.7058823529411765,0.52,0.5988483685220729,900,mental-mental-roberta-base_C0_10epochs_seed67_freeze0\test_logits.csv
mental-mental-roberta-base_C0_10epochs_seed67_freeze0,base,,mental-mental-roberta-base,C0,10,67,0,7,Suicide intent,0.7686274509803922,0.6877192982456141,0.725925925925926,285,mental-mental-roberta-base_C0_10epochs_seed67_freeze0\test_logits.csv
mental-mental-roberta-base_C0_10epochs_seed67_freeze0,base,,mental-mental-roberta-base,C0,10,67,0,8,Worthlessness,0.6426966292134831,0.6258205689277899,0.6341463414634146,457,mental-mental-roberta-base_C0_10epochs_seed67_freeze0\test_logits.csv
mental-mental-roberta-base_C1_10epochs_seed67_freeze0,base,,mental-mental-roberta-base,C1,10,67,0,0,Anger,0.6979405034324943,0.6262833675564682,0.6601731601731602,487,mental-mental-roberta-base_C1_10epochs_seed67_freeze0\test_logits.csv
mental-mental-roberta-base_C1_10epochs_seed67_freeze0,base,,mental-mental-roberta-base,C1,10,67,0,1,Cognitive dysfunction,0.5,0.49645390070921985,0.498220640569395,141,mental-mental-roberta-base_C1_10epochs_seed67_freeze0\test_logits.csv
mental-mental-roberta-base_C1_10epochs_seed67_freeze0,base,,mental-mental-roberta-base,C1,10,67,0,2,Emptiness,0.7235772357723578,0.6617100371747212,0.6912621359223301,269,mental-mental-roberta-base_C1_10epochs_seed67_freeze0\test_logits.csv
mental-mental-roberta-base_C1_10epochs_seed67_freeze0,base,,mental-mental-roberta-base,C1,10,67,0,3,Hopelessness,0.683641975308642,0.678407350689127,0.6810146041506533,653,mental-mental-roberta-base_C1_10epochs_seed67_freeze0\test_logits.csv
mental-mental-roberta-base_C1_10epochs_seed67_freeze0,base,,mental-mental-roberta-base,C1,10,67,0,4,Loneliness,0.7292724196277496,0.7614840989399293,0.7450302506482281,566,mental-mental-roberta-base_C1_10epochs_seed67_freeze0\test_logits.csv
mental-mental-roberta-base_C1_10epochs_seed67_freeze0,base,,mental-mental-roberta-base,C1,10,67,0,5,No emotion,0.735479797979798,0.7771847898599066,0.7557573791761272,1499,mental-mental-roberta-base_C1_10epochs_seed67_freeze0\test_logits.csv
mental-mental-roberta-base_C1_10epochs_seed67_freeze0,base,,mental-mental-roberta-base,C1,10,67,0,6,Sadness,0.6337719298245614,0.6422222222222222,0.6379690949227373,900,mental-mental-roberta-base_C1_10epochs_seed67_freeze0\test_logits.csv
mental-mental-roberta-base_C1_10epochs_seed67_freeze0,base,,mental-mental-roberta-base,C1,10,67,0,7,Suicide intent,0.7355072463768116,0.712280701754386,0.7237076648841355,285,mental-mental-roberta-base_C1_10epochs_seed67_freeze0\test_logits.csv
mental-mental-roberta-base_C1_10epochs_seed67_freeze0,base,,mental-mental-roberta-base,C1,10,67,0,8,Worthlessness,0.6666666666666666,0.6170678336980306,0.6409090909090909,457,mental-mental-roberta-base_C1_10epochs_seed67_freeze0\test_logits.csv
mental-mental-roberta-base_C2_10epochs_seed67_freeze0,base,,mental-mental-roberta-base,C2,10,67,0,0,Anger,0.739454094292804,0.6119096509240246,0.6696629213483146,487,mental-mental-roberta-base_C2_10epochs_seed67_freeze0\test_logits.csv
mental-mental-roberta-base_C2_10epochs_seed67_freeze0,base,,mental-mental-roberta-base,C2,10,67,0,1,Cognitive dysfunction,0.4794520547945205,0.49645390070921985,0.4878048780487805,141,mental-mental-roberta-base_C2_10epochs_seed67_freeze0\test_logits.csv
mental-mental-roberta-base_C2_10epochs_seed67_freeze0,base,,mental-mental-roberta-base,C2,10,67,0,2,Emptiness,0.6793893129770993,0.6617100371747212,0.6704331450094162,269,mental-mental-roberta-base_C2_10epochs_seed67_freeze0\test_logits.csv
mental-mental-roberta-base_C2_10epochs_seed67_freeze0,base,,mental-mental-roberta-base,C2,10,67,0,3,Hopelessness,0.6446837146702558,0.7335375191424196,0.6862464183381088,653,mental-mental-roberta-base_C2_10epochs_seed67_freeze0\test_logits.csv
mental-mental-roberta-base_C2_10epochs_seed67_freeze0,base,,mental-mental-roberta-base,C2,10,67,0,4,Loneliness,0.7188498402555911,0.7950530035335689,0.7550335570469798,566,mental-mental-roberta-base_C2_10epochs_seed67_freeze0\test_logits.csv
mental-mental-roberta-base_C2_10epochs_seed67_freeze0,base,,mental-mental-roberta-base,C2,10,67,0,5,No emotion,0.7472808701215611,0.7791861240827218,0.7629000653167864,1499,mental-mental-roberta-base_C2_10epochs_seed67_freeze0\test_logits.csv
mental-mental-roberta-base_C2_10epochs_seed67_freeze0,base,,mental-mental-roberta-base,C2,10,67,0,6,Sadness,0.6675031367628608,0.5911111111111111,0.6269888037713612,900,mental-mental-roberta-base_C2_10epochs_seed67_freeze0\test_logits.csv
mental-mental-roberta-base_C2_10epochs_seed67_freeze0,base,,mental-mental-roberta-base,C2,10,67,0,7,Suicide intent,0.7147540983606557,0.7649122807017544,0.7389830508474576,285,mental-mental-roberta-base_C2_10epochs_seed67_freeze0\test_logits.csv
mental-mental-roberta-base_C2_10epochs_seed67_freeze0,base,,mental-mental-roberta-base,C2,10,67,0,8,Worthlessness,0.6504854368932039,0.5864332603938731,0.616800920598389,457,mental-mental-roberta-base_C2_10epochs_seed67_freeze0\test_logits.csv
mental-mental-roberta-base_C3_10epochs_seed67_freeze0,base,,mental-mental-roberta-base,C3,10,67,0,0,Anger,0.673728813559322,0.6529774127310062,0.6631908237747653,487,mental-mental-roberta-base_C3_10epochs_seed67_freeze0\test_logits.csv
mental-mental-roberta-base_C3_10epochs_seed67_freeze0,base,,mental-mental-roberta-base,C3,10,67,0,1,Cognitive dysfunction,0.5373134328358209,0.5106382978723404,0.5236363636363637,141,mental-mental-roberta-base_C3_10epochs_seed67_freeze0\test_logits.csv
mental-mental-roberta-base_C3_10epochs_seed67_freeze0,base,,mental-mental-roberta-base,C3,10,67,0,2,Emptiness,0.6901960784313725,0.654275092936803,0.6717557251908397,269,mental-mental-roberta-base_C3_10epochs_seed67_freeze0\test_logits.csv
mental-mental-roberta-base_C3_10epochs_seed67_freeze0,base,,mental-mental-roberta-base,C3,10,67,0,3,Hopelessness,0.6666666666666666,0.6891271056661562,0.677710843373494,653,mental-mental-roberta-base_C3_10epochs_seed67_freeze0\test_logits.csv
mental-mental-roberta-base_C3_10epochs_seed67_freeze0,base,,mental-mental-roberta-base,C3,10,67,0,4,Loneliness,0.7654545454545455,0.7438162544169611,0.7544802867383512,566,mental-mental-roberta-base_C3_10epochs_seed67_freeze0\test_logits.csv
mental-mental-roberta-base_C3_10epochs_seed67_freeze0,base,,mental-mental-roberta-base,C3,10,67,0,5,No emotion,0.7567037279267496,0.771847898599066,0.7642007926023778,1499,mental-mental-roberta-base_C3_10epochs_seed67_freeze0\test_logits.csv
mental-mental-roberta-base_C3_10epochs_seed67_freeze0,base,,mental-mental-roberta-base,C3,10,67,0,6,Sadness,0.63107822410148,0.6633333333333333,0.6468039003250271,900,mental-mental-roberta-base_C3_10epochs_seed67_freeze0\test_logits.csv
mental-mental-roberta-base_C3_10epochs_seed67_freeze0,base,,mental-mental-roberta-base,C3,10,67,0,7,Suicide intent,0.7807692307692308,0.712280701754386,0.744954128440367,285,mental-mental-roberta-base_C3_10epochs_seed67_freeze0\test_logits.csv
mental-mental-roberta-base_C3_10epochs_seed67_freeze0,base,,mental-mental-roberta-base,C3,10,67,0,8,Worthlessness,0.6995412844036697,0.6673960612691466,0.683090705487122,457,mental-mental-roberta-base_C3_10epochs_seed67_freeze0\test_logits.csv
microsoft-deberta-v3-base_C0_10epochs_seed67_freeze0,base,,microsoft-deberta-v3-base,C0,10,67,0,0,Anger,0.657074340527578,0.5626283367556468,0.6061946902654868,487,microsoft-deberta-v3-base_C0_10epochs_seed67_freeze0\test_logits.csv
microsoft-deberta-v3-base_C0_10epochs_seed67_freeze0,base,,microsoft-deberta-v3-base,C0,10,67,0,1,Cognitive dysfunction,0.4154929577464789,0.41843971631205673,0.4169611307420495,141,microsoft-deberta-v3-base_C0_10epochs_seed67_freeze0\test_logits.csv
microsoft-deberta-v3-base_C0_10epochs_seed67_freeze0,base,,microsoft-deberta-v3-base,C0,10,67,0,2,Emptiness,0.6837209302325581,0.5464684014869888,0.6074380165289256,269,microsoft-deberta-v3-base_C0_10epochs_seed67_freeze0\test_logits.csv
microsoft-deberta-v3-base_C0_10epochs_seed67_freeze0,base,,microsoft-deberta-v3-base,C0,10,67,0,3,Hopelessness,0.6579804560260586,0.6186830015313936,0.6377269139700079,653,microsoft-deberta-v3-base_C0_10epochs_seed67_freeze0\test_logits.csv
microsoft-deberta-v3-base_C0_10epochs_seed67_freeze0,base,,microsoft-deberta-v3-base,C0,10,67,0,4,Loneliness,0.7234782608695652,0.734982332155477,0.7291849255039439,566,microsoft-deberta-v3-base_C0_10epochs_seed67_freeze0\test_logits.csv
microsoft-deberta-v3-base_C0_10epochs_seed67_freeze0,base,,microsoft-deberta-v3-base,C0,10,67,0,5,No emotion,0.6801643192488263,0.7731821214142762,0.7236965344989073,1499,microsoft-deberta-v3-base_C0_10epochs_seed67_freeze0\test_logits.csv
microsoft-deberta-v3-base_C0_10epochs_seed67_freeze0,base,,microsoft-deberta-v3-base,C0,10,67,0,6,Sadness,0.5893970893970893,0.63,0.6090225563909775,900,microsoft-deberta-v3-base_C0_10epochs_seed67_freeze0\test_logits.csv
microsoft-deberta-v3-base_C0_10epochs_seed67_freeze0,base,,microsoft-deberta-v3-base,C0,10,67,0,7,Suicide intent,0.6710526315789473,0.7157894736842105,0.6926994906621392,285,microsoft-deberta-v3-base_C0_10epochs_seed67_freeze0\test_logits.csv
microsoft-deberta-v3-base_C0_10epochs_seed67_freeze0,base,,microsoft-deberta-v3-base,C0,10,67,0,8,Worthlessness,0.7623456790123457,0.5404814004376368,0.6325224071702945,457,microsoft-deberta-v3-base_C0_10epochs_seed67_freeze0\test_logits.csv
microsoft-deberta-v3-base_C1_10epochs_seed67_freeze0,base,,microsoft-deberta-v3-base,C1,10,67,0,0,Anger,0.6862745098039216,0.5749486652977412,0.6256983240223464,487,microsoft-deberta-v3-base_C1_10epochs_seed67_freeze0\test_logits.csv
microsoft-deberta-v3-base_C1_10epochs_seed67_freeze0,base,,microsoft-deberta-v3-base,C1,10,67,0,1,Cognitive dysfunction,0.48120300751879697,0.45390070921985815,0.46715328467153283,141,microsoft-deberta-v3-base_C1_10epochs_seed67_freeze0\test_logits.csv
microsoft-deberta-v3-base_C1_10epochs_seed67_freeze0,base,,microsoft-deberta-v3-base,C1,10,67,0,2,Emptiness,0.6587301587301587,0.6171003717472119,0.6372360844529751,269,microsoft-deberta-v3-base_C1_10epochs_seed67_freeze0\test_logits.csv
microsoft-deberta-v3-base_C1_10epochs_seed67_freeze0,base,,microsoft-deberta-v3-base,C1,10,67,0,3,Hopelessness,0.6324167872648335,0.669218989280245,0.6502976190476191,653,microsoft-deberta-v3-base_C1_10epochs_seed67_freeze0\test_logits.csv
microsoft-deberta-v3-base_C1_10epochs_seed67_freeze0,base,,microsoft-deberta-v3-base,C1,10,67,0,4,Loneliness,0.7142857142857143,0.7773851590106007,0.7445008460236887,566,microsoft-deberta-v3-base_C1_10epochs_seed67_freeze0\test_logits.csv
microsoft-deberta-v3-base_C1_10epochs_seed67_freeze0,base,,microsoft-deberta-v3-base,C1,10,67,0,5,No emotion,0.7180428134556575,0.7831887925283523,0.7492022973835354,1499,microsoft-deberta-v3-base_C1_10epochs_seed67_freeze0\test_logits.csv
microsoft-deberta-v3-base_C1_10epochs_seed67_freeze0,base,,microsoft-deberta-v3-base,C1,10,67,0,6,Sadness,0.6257110352673493,0.6111111111111112,0.6183249016301293,900,microsoft-deberta-v3-base_C1_10epochs_seed67_freeze0\test_logits.csv
microsoft-deberta-v3-base_C1_10epochs_seed67_freeze0,base,,microsoft-deberta-v3-base,C1,10,67,0,7,Suicide intent,0.7748091603053435,0.712280701754386,0.7422303473491774,285,microsoft-deberta-v3-base_C1_10epochs_seed67_freeze0\test_logits.csv
microsoft-deberta-v3-base_C1_10epochs_seed67_freeze0,base,,microsoft-deberta-v3-base,C1,10,67,0,8,Worthlessness,0.7244094488188977,0.6039387308533917,0.6587112171837709,457,microsoft-deberta-v3-base_C1_10epochs_seed67_freeze0\test_logits.csv
microsoft-deberta-v3-base_C2_10epochs_seed67_freeze0,base,,microsoft-deberta-v3-base,C2,10,67,0,0,Anger,0.715,0.5872689938398358,0.644870349492672,487,microsoft-deberta-v3-base_C2_10epochs_seed67_freeze0\test_logits.csv
microsoft-deberta-v3-base_C2_10epochs_seed67_freeze0,base,,microsoft-deberta-v3-base,C2,10,67,0,1,Cognitive dysfunction,0.5702479338842975,0.48936170212765956,0.5267175572519084,141,microsoft-deberta-v3-base_C2_10epochs_seed67_freeze0\test_logits.csv
microsoft-deberta-v3-base_C2_10epochs_seed67_freeze0,base,,microsoft-deberta-v3-base,C2,10,67,0,2,Emptiness,0.6618181818181819,0.6765799256505576,0.6691176470588235,269,microsoft-deberta-v3-base_C2_10epochs_seed67_freeze0\test_logits.csv
microsoft-deberta-v3-base_C2_10epochs_seed67_freeze0,base,,microsoft-deberta-v3-base,C2,10,67,0,3,Hopelessness,0.6868044515103339,0.6615620214395099,0.6739469578783152,653,microsoft-deberta-v3-base_C2_10epochs_seed67_freeze0\test_logits.csv
microsoft-deberta-v3-base_C2_10epochs_seed67_freeze0,base,,microsoft-deberta-v3-base,C2,10,67,0,4,Loneliness,0.713166144200627,0.803886925795053,0.7558139534883721,566,microsoft-deberta-v3-base_C2_10epochs_seed67_freeze0\test_logits.csv
microsoft-deberta-v3-base_C2_10epochs_seed67_freeze0,base,,microsoft-deberta-v3-base,C2,10,67,0,5,No emotion,0.7134433962264151,0.8072048032021347,0.7574334898278561,1499,microsoft-deberta-v3-base_C2_10epochs_seed67_freeze0\test_logits.csv
microsoft-deberta-v3-base_C2_10epochs_seed67_freeze0,base,,microsoft-deberta-v3-base,C2,10,67,0,6,Sadness,0.6471238938053098,0.65,0.6485587583148559,900,microsoft-deberta-v3-base_C2_10epochs_seed67_freeze0\test_logits.csv
microsoft-deberta-v3-base_C2_10epochs_seed67_freeze0,base,,microsoft-deberta-v3-base,C2,10,67,0,7,Suicide intent,0.8539823008849557,0.6771929824561403,0.7553816046966731,285,microsoft-deberta-v3-base_C2_10epochs_seed67_freeze0\test_logits.csv
microsoft-deberta-v3-base_C2_10epochs_seed67_freeze0,base,,microsoft-deberta-v3-base,C2,10,67,0,8,Worthlessness,0.7635869565217391,0.6148796498905909,0.6812121212121212,457,microsoft-deberta-v3-base_C2_10epochs_seed67_freeze0\test_logits.csv
microsoft-deberta-v3-base_C3_10epochs_seed67_freeze0,base,,microsoft-deberta-v3-base,C3,10,67,0,0,Anger,0.7223650385604113,0.5770020533880903,0.6415525114155252,487,microsoft-deberta-v3-base_C3_10epochs_seed67_freeze0\test_logits.csv
microsoft-deberta-v3-base_C3_10epochs_seed67_freeze0,base,,microsoft-deberta-v3-base,C3,10,67,0,1,Cognitive dysfunction,0.4,0.5957446808510638,0.47863247863247865,141,microsoft-deberta-v3-base_C3_10epochs_seed67_freeze0\test_logits.csv
microsoft-deberta-v3-base_C3_10epochs_seed67_freeze0,base,,microsoft-deberta-v3-base,C3,10,67,0,2,Emptiness,0.70042194092827,0.6171003717472119,0.6561264822134387,269,microsoft-deberta-v3-base_C3_10epochs_seed67_freeze0\test_logits.csv
microsoft-deberta-v3-base_C3_10epochs_seed67_freeze0,base,,microsoft-deberta-v3-base,C3,10,67,0,3,Hopelessness,0.690251572327044,0.6722817764165391,0.6811481768813034,653,microsoft-deberta-v3-base_C3_10epochs_seed67_freeze0\test_logits.csv
microsoft-deberta-v3-base_C3_10epochs_seed67_freeze0,base,,microsoft-deberta-v3-base,C3,10,67,0,4,Loneliness,0.7794392523364486,0.7367491166077739,0.7574931880108992,566,microsoft-deberta-v3-base_C3_10epochs_seed67_freeze0\test_logits.csv
microsoft-deberta-v3-base_C3_10epochs_seed67_freeze0,base,,microsoft-deberta-v3-base,C3,10,67,0,5,No emotion,0.7405102675793404,0.7938625750500333,0.7662588538312942,1499,microsoft-deberta-v3-base_C3_10epochs_seed67_freeze0\test_logits.csv
microsoft-deberta-v3-base_C3_10epochs_seed67_freeze0,base,,microsoft-deberta-v3-base,C3,10,67,0,6,Sadness,0.6268958543983822,0.6888888888888889,0.65643197458973,900,microsoft-deberta-v3-base_C3_10epochs_seed67_freeze0\test_logits.csv
microsoft-deberta-v3-base_C3_10epochs_seed67_freeze0,base,,microsoft-deberta-v3-base,C3,10,67,0,7,Suicide intent,0.7773584905660378,0.7228070175438597,0.7490909090909091,285,microsoft-deberta-v3-base_C3_10epochs_seed67_freeze0\test_logits.csv
microsoft-deberta-v3-base_C3_10epochs_seed67_freeze0,base,,microsoft-deberta-v3-base,C3,10,67,0,8,Worthlessness,0.7455012853470437,0.6345733041575492,0.6855791962174941,457,microsoft-deberta-v3-base_C3_10epochs_seed67_freeze0\test_logits.csv
FacebookAI-roberta-base_10epochs_seed67_freeze0_C0toC3_ensemble,ensemble,mean_logits,FacebookAI-roberta-base,C0toC3,10,67,0,0,Anger,0.7156626506024096,0.6098562628336756,0.6585365853658537,487,ensambled_results\FacebookAI-roberta-base_10epochs_seed67_freeze0_C0toC3_ensemble\ensemble_predictions.csv
FacebookAI-roberta-base_10epochs_seed67_freeze0_C0toC3_ensemble,ensemble,mean_logits,FacebookAI-roberta-base,C0toC3,10,67,0,1,Cognitive dysfunction,0.45985401459854014,0.44680851063829785,0.45323741007194246,141,ensambled_results\FacebookAI-roberta-base_10epochs_seed67_freeze0_C0toC3_ensemble\ensemble_predictions.csv
FacebookAI-roberta-base_10epochs_seed67_freeze0_C0toC3_ensemble,ensemble,mean_logits,FacebookAI-roberta-base,C0toC3,10,67,0,2,Emptiness,0.7432432432432432,0.6133828996282528,0.6720977596741344,269,ensambled_results\FacebookAI-roberta-base_10epochs_seed67_freeze0_C0toC3_ensemble\ensemble_predictions.csv
FacebookAI-roberta-base_10epochs_seed67_freeze0_C0toC3_ensemble,ensemble,mean_logits,FacebookAI-roberta-base,C0toC3,10,67,0,3,Hopelessness,0.6817518248175183,0.7151607963246555,0.6980568011958147,653,ensambled_results\FacebookAI-roberta-base_10epochs_seed67_freeze0_C0toC3_ensemble\ensemble_predictions.csv
FacebookAI-roberta-base_10epochs_seed67_freeze0_C0toC3_ensemble,ensemble,mean_logits,FacebookAI-roberta-base,C0toC3,10,67,0,4,Loneliness,0.7657342657342657,0.773851590106007,0.7697715289982425,566,ensambled_results\FacebookAI-roberta-base_10epochs_seed67_freeze0_C0toC3_ensemble\ensemble_predictions.csv
FacebookAI-roberta-base_10epochs_seed67_freeze0_C0toC3_ensemble,ensemble,mean_logits,FacebookAI-roberta-base,C0toC3,10,67,0,5,No emotion,0.7177371832645846,0.8125416944629753,0.7622027534418022,1499,ensambled_results\FacebookAI-roberta-base_10epochs_seed67_freeze0_C0toC3_ensemble\ensemble_predictions.csv
FacebookAI-roberta-base_10epochs_seed67_freeze0_C0toC3_ensemble,ensemble,mean_logits,FacebookAI-roberta-base,C0toC3,10,67,0,6,Sadness,0.6799065420560748,0.6466666666666666,0.662870159453303,900,ensambled_results\FacebookAI-roberta-base_10epochs_seed67_freeze0_C0toC3_ensemble\ensemble_predictions.csv
FacebookAI-roberta-base_10epochs_seed67_freeze0_C0toC3_ensemble,ensemble,mean_logits,FacebookAI-roberta-base,C0toC3,10,67,0,7,Suicide intent,0.7900763358778626,0.7263157894736842,0.7568555758683729,285,ensambled_results\FacebookAI-roberta-base_10epochs_seed67_freeze0_C0toC3_ensemble\ensemble_predictions.csv
FacebookAI-roberta-base_10epochs_seed67_freeze0_C0toC3_ensemble,ensemble,mean_logits,FacebookAI-roberta-base,C0toC3,10,67,0,8,Worthlessness,0.6739659367396593,0.6061269146608315,0.6382488479262672,457,ensambled_results\FacebookAI-roberta-base_10epochs_seed67_freeze0_C0toC3_ensemble\ensemble_predictions.csv
FacebookAI-roberta-base_10epochs_seed67_freeze0_C0toC3_ensemble,ensemble,majority_vote,FacebookAI-roberta-base,C0toC3,10,67,0,0,Anger,0.7184466019417476,0.6078028747433265,0.6585094549499444,487,ensambled_results\FacebookAI-roberta-base_10epochs_seed67_freeze0_C0toC3_ensemble\ensemble_predictions.csv
FacebookAI-roberta-base_10epochs_seed67_freeze0_C0toC3_ensemble,ensemble,majority_vote,FacebookAI-roberta-base,C0toC3,10,67,0,1,Cognitive dysfunction,0.4701492537313433,0.44680851063829785,0.4581818181818182,141,ensambled_results\FacebookAI-roberta-base_10epochs_seed67_freeze0_C0toC3_ensemble\ensemble_predictions.csv
FacebookAI-roberta-base_10epochs_seed67_freeze0_C0toC3_ensemble,ensemble,majority_vote,FacebookAI-roberta-base,C0toC3,10,67,0,2,Emptiness,0.7363636363636363,0.6022304832713755,0.6625766871165644,269,ensambled_results\FacebookAI-roberta-base_10epochs_seed67_freeze0_C0toC3_ensemble\ensemble_predictions.csv
FacebookAI-roberta-base_10epochs_seed67_freeze0_C0toC3_ensemble,ensemble,majority_vote,FacebookAI-roberta-base,C0toC3,10,67,0,3,Hopelessness,0.6773255813953488,0.7136294027565084,0.6950037285607755,653,ensambled_results\FacebookAI-roberta-base_10epochs_seed67_freeze0_C0toC3_ensemble\ensemble_predictions.csv
FacebookAI-roberta-base_10epochs_seed67_freeze0_C0toC3_ensemble,ensemble,majority_vote,FacebookAI-roberta-base,C0toC3,10,67,0,4,Loneliness,0.7676056338028169,0.7703180212014135,0.7689594356261023,566,ensambled_results\FacebookAI-roberta-base_10epochs_seed67_freeze0_C0toC3_ensemble\ensemble_predictions.csv
FacebookAI-roberta-base_10epochs_seed67_freeze0_C0toC3_ensemble,ensemble,majority_vote,FacebookAI-roberta-base,C0toC3,10,67,0,5,No emotion,0.712784588441331,0.8145430286857905,0.7602739726027398,1499,ensambled_results\FacebookAI-roberta-base_10epochs_seed67_freeze0_C0toC3_ensemble\ensemble_predictions.csv
FacebookAI-roberta-base_10epochs_seed67_freeze0_C0toC3_ensemble,ensemble,majority_vote,FacebookAI-roberta-base,C0toC3,10,67,0,6,Sadness,0.6761229314420804,0.6355555555555555,0.6552119129438717,900,ensambled_results\FacebookAI-roberta-base_10epochs_seed67_freeze0_C0toC3_ensemble\ensemble_predictions.csv
FacebookAI-roberta-base_10epochs_seed67_freeze0_C0toC3_ensemble,ensemble,majority_vote,FacebookAI-roberta-base,C0toC3,10,67,0,7,Suicide intent,0.7803030303030303,0.7228070175438597,0.7504553734061931,285,ensambled_results\FacebookAI-roberta-base_10epochs_seed67_freeze0_C0toC3_ensemble\ensemble_predictions.csv
FacebookAI-roberta-base_10epochs_seed67_freeze0_C0toC3_ensemble,ensemble,majority_vote,FacebookAI-roberta-base,C0toC3,10,67,0,8,Worthlessness,0.6747572815533981,0.6083150984682714,0.6398158803222095,457,ensambled_results\FacebookAI-roberta-base_10epochs_seed67_freeze0_C0toC3_ensemble\ensemble_predictions.csv
google-bert-bert-base-uncased_10epochs_seed67_freeze0_C0toC3_ensemble,ensemble,mean_logits,google-bert-bert-base-uncased,C0toC3,10,67,0,0,Anger,0.6470588235294118,0.5646817248459959,0.6030701754385965,487,ensambled_results\google-bert-bert-base-uncased_10epochs_seed67_freeze0_C0toC3_ensemble\ensemble_predictions.csv
google-bert-bert-base-uncased_10epochs_seed67_freeze0_C0toC3_ensemble,ensemble,mean_logits,google-bert-bert-base-uncased,C0toC3,10,67,0,1,Cognitive dysfunction,0.4444444444444444,0.425531914893617,0.43478260869565216,141,ensambled_results\google-bert-bert-base-uncased_10epochs_seed67_freeze0_C0toC3_ensemble\ensemble_predictions.csv
google-bert-bert-base-uncased_10epochs_seed67_freeze0_C0toC3_ensemble,ensemble,mean_logits,google-bert-bert-base-uncased,C0toC3,10,67,0,2,Emptiness,0.659919028340081,0.6059479553903345,0.6317829457364341,269,ensambled_results\google-bert-bert-base-uncased_10epochs_seed67_freeze0_C0toC3_ensemble\ensemble_predictions.csv
google-bert-bert-base-uncased_10epochs_seed67_freeze0_C0toC3_ensemble,ensemble,mean_logits,google-bert-bert-base-uncased,C0toC3,10,67,0,3,Hopelessness,0.6435935198821797,0.669218989280245,0.6561561561561562,653,ensambled_results\google-bert-bert-base-uncased_10epochs_seed67_freeze0_C0toC3_ensemble\ensemble_predictions.csv
google-bert-bert-base-uncased_10epochs_seed67_freeze0_C0toC3_ensemble,ensemble,mean_logits,google-bert-bert-base-uncased,C0toC3,10,67,0,4,Loneliness,0.7359154929577465,0.7385159010600707,0.7372134038800705,566,ensambled_results\google-bert-bert-base-uncased_10epochs_seed67_freeze0_C0toC3_ensemble\ensemble_predictions.csv
google-bert-bert-base-uncased_10epochs_seed67_freeze0_C0toC3_ensemble,ensemble,mean_logits,google-bert-bert-base-uncased,C0toC3,10,67,0,5,No emotion,0.6941950927588271,0.7738492328218812,0.7318611987381703,1499,ensambled_results\google-bert-bert-base-uncased_10epochs_seed67_freeze0_C0toC3_ensemble\ensemble_predictions.csv
google-bert-bert-base-uncased_10epochs_seed67_freeze0_C0toC3_ensemble,ensemble,mean_logits,google-bert-bert-base-uncased,C0toC3,10,67,0,6,Sadness,0.6142365097588978,0.5944444444444444,0.6041784302653868,900,ensambled_results\google-bert-bert-base-uncased_10epochs_seed67_freeze0_C0toC3_ensemble\ensemble_predictions.csv
google-bert-bert-base-uncased_10epochs_seed67_freeze0_C0toC3_ensemble,ensemble,mean_logits,google-bert-bert-base-uncased,C0toC3,10,67,0,7,Suicide intent,0.7255639097744361,0.6771929824561403,0.7005444646098004,285,ensambled_results\google-bert-bert-base-uncased_10epochs_seed67_freeze0_C0toC3_ensemble\ensemble_predictions.csv
google-bert-bert-base-uncased_10epochs_seed67_freeze0_C0toC3_ensemble,ensemble,mean_logits,google-bert-bert-base-uncased,C0toC3,10,67,0,8,Worthlessness,0.6632911392405063,0.5733041575492341,0.6150234741784038,457,ensambled_results\google-bert-bert-base-uncased_10epochs_seed67_freeze0_C0toC3_ensemble\ensemble_predictions.csv
google-bert-bert-base-uncased_10epochs_seed67_freeze0_C0toC3_ensemble,ensemble,majority_vote,google-bert-bert-base-uncased,C0toC3,10,67,0,0,Anger,0.6501182033096927,0.5646817248459959,0.6043956043956044,487,ensambled_results\google-bert-bert-base-uncased_10epochs_seed67_freeze0_C0toC3_ensemble\ensemble_predictions.csv
google-bert-bert-base-uncased_10epochs_seed67_freeze0_C0toC3_ensemble,ensemble,majority_vote,google-bert-bert-base-uncased,C0toC3,10,67,0,1,Cognitive dysfunction,0.4420289855072464,0.4326241134751773,0.43727598566308246,141,ensambled_results\google-bert-bert-base-uncased_10epochs_seed67_freeze0_C0toC3_ensemble\ensemble_predictions.csv
google-bert-bert-base-uncased_10epochs_seed67_freeze0_C0toC3_ensemble,ensemble,majority_vote,google-bert-bert-base-uncased,C0toC3,10,67,0,2,Emptiness,0.6680327868852459,0.6059479553903345,0.6354775828460039,269,ensambled_results\google-bert-bert-base-uncased_10epochs_seed67_freeze0_C0toC3_ensemble\ensemble_predictions.csv
google-bert-bert-base-uncased_10epochs_seed67_freeze0_C0toC3_ensemble,ensemble,majority_vote,google-bert-bert-base-uncased,C0toC3,10,67,0,3,Hopelessness,0.6383601756954612,0.667687595712098,0.6526946107784432,653,ensambled_results\google-bert-bert-base-uncased_10epochs_seed67_freeze0_C0toC3_ensemble\ensemble_predictions.csv
google-bert-bert-base-uncased_10epochs_seed67_freeze0_C0toC3_ensemble,ensemble,majority_vote,google-bert-bert-base-uncased,C0toC3,10,67,0,4,Loneliness,0.7333333333333333,0.7385159010600707,0.7359154929577465,566,ensambled_results\google-bert-bert-base-uncased_10epochs_seed67_freeze0_C0toC3_ensemble\ensemble_predictions.csv
google-bert-bert-base-uncased_10epochs_seed67_freeze0_C0toC3_ensemble,ensemble,majority_vote,google-bert-bert-base-uncased,C0toC3,10,67,0,5,No emotion,0.6903914590747331,0.7765176784523016,0.7309262166405024,1499,ensambled_results\google-bert-bert-base-uncased_10epochs_seed67_freeze0_C0toC3_ensemble\ensemble_predictions.csv
google-bert-bert-base-uncased_10epochs_seed67_freeze0_C0toC3_ensemble,ensemble,majority_vote,google-bert-bert-base-uncased,C0toC3,10,67,0,6,Sadness,0.6161026837806302,0.5866666666666667,0.6010244735344337,900,ensambled_results\google-bert-bert-base-uncased_10epochs_seed67_freeze0_C0toC3_ensemble\ensemble_predictions.csv
google-bert-bert-base-uncased_10epochs_seed67_freeze0_C0toC3_ensemble,ensemble,majority_vote,google-bert-bert-base-uncased,C0toC3,10,67,0,7,Suicide intent,0.7203065134099617,0.6596491228070176,0.6886446886446886,285,ensambled_results\google-bert-bert-base-uncased_10epochs_seed67_freeze0_C0toC3_ensemble\ensemble_predictions.csv
google-bert-bert-base-uncased_10epochs_seed67_freeze0_C0toC3_ensemble,ensemble,majority_vote,google-bert-bert-base-uncased,C0toC3,10,67,0,8,Worthlessness,0.6658227848101266,0.5754923413566739,0.6173708920187794,457,ensambled_results\google-bert-bert-base-uncased_10epochs_seed67_freeze0_C0toC3_ensemble\ensemble_predictions.csv
mental-mental-bert-base-uncased_10epochs_seed67_freeze0_C0toC3_ensemble,ensemble,mean_logits,mental-mental-bert-base-uncased,C0toC3,10,67,0,0,Anger,0.6816976127320955,0.5277207392197125,0.5949074074074074,487,ensambled_results\mental-mental-bert-base-uncased_10epochs_seed67_freeze0_C0toC3_ensemble\ensemble_predictions.csv
mental-mental-bert-base-uncased_10epochs_seed67_freeze0_C0toC3_ensemble,ensemble,mean_logits,mental-mental-bert-base-uncased,C0toC3,10,67,0,1,Cognitive dysfunction,0.44696969696969696,0.41843971631205673,0.43223443223443225,141,ensambled_results\mental-mental-bert-base-uncased_10epochs_seed67_freeze0_C0toC3_ensemble\ensemble_predictions.csv
mental-mental-bert-base-uncased_10epochs_seed67_freeze0_C0toC3_ensemble,ensemble,mean_logits,mental-mental-bert-base-uncased,C0toC3,10,67,0,2,Emptiness,0.6919431279620853,0.5427509293680297,0.6083333333333333,269,ensambled_results\mental-mental-bert-base-uncased_10epochs_seed67_freeze0_C0toC3_ensemble\ensemble_predictions.csv
mental-mental-bert-base-uncased_10epochs_seed67_freeze0_C0toC3_ensemble,ensemble,mean_logits,mental-mental-bert-base-uncased,C0toC3,10,67,0,3,Hopelessness,0.6492753623188405,0.6860643185298622,0.6671630677587491,653,ensambled_results\mental-mental-bert-base-uncased_10epochs_seed67_freeze0_C0toC3_ensemble\ensemble_predictions.csv
mental-mental-bert-base-uncased_10epochs_seed67_freeze0_C0toC3_ensemble,ensemble,mean_logits,mental-mental-bert-base-uncased,C0toC3,10,67,0,4,Loneliness,0.7443868739205527,0.7614840989399293,0.7528384279475983,566,ensambled_results\mental-mental-bert-base-uncased_10epochs_seed67_freeze0_C0toC3_ensemble\ensemble_predictions.csv
mental-mental-bert-base-uncased_10epochs_seed67_freeze0_C0toC3_ensemble,ensemble,mean_logits,mental-mental-bert-base-uncased,C0toC3,10,67,0,5,No emotion,0.6909196740395809,0.7918612408272181,0.7379546161019583,1499,ensambled_results\mental-mental-bert-base-uncased_10epochs_seed67_freeze0_C0toC3_ensemble\ensemble_predictions.csv
mental-mental-bert-base-uncased_10epochs_seed67_freeze0_C0toC3_ensemble,ensemble,mean_logits,mental-mental-bert-base-uncased,C0toC3,10,67,0,6,Sadness,0.6164542294322132,0.5911111111111111,0.603516732841747,900,ensambled_results\mental-mental-bert-base-uncased_10epochs_seed67_freeze0_C0toC3_ensemble\ensemble_predictions.csv
mental-mental-bert-base-uncased_10epochs_seed67_freeze0_C0toC3_ensemble,ensemble,mean_logits,mental-mental-bert-base-uncased,C0toC3,10,67,0,7,Suicide intent,0.740072202166065,0.7192982456140351,0.7295373665480427,285,ensambled_results\mental-mental-bert-base-uncased_10epochs_seed67_freeze0_C0toC3_ensemble\ensemble_predictions.csv
mental-mental-bert-base-uncased_10epochs_seed67_freeze0_C0toC3_ensemble,ensemble,mean_logits,mental-mental-bert-base-uncased,C0toC3,10,67,0,8,Worthlessness,0.6682926829268293,0.5995623632385121,0.6320645905420992,457,ensambled_results\mental-mental-bert-base-uncased_10epochs_seed67_freeze0_C0toC3_ensemble\ensemble_predictions.csv
mental-mental-bert-base-uncased_10epochs_seed67_freeze0_C0toC3_ensemble,ensemble,majority_vote,mental-mental-bert-base-uncased,C0toC3,10,67,0,0,Anger,0.6649616368286445,0.5338809034907598,0.592255125284738,487,ensambled_results\mental-mental-bert-base-uncased_10epochs_seed67_freeze0_C0toC3_ensemble\ensemble_predictions.csv
mental-mental-bert-base-uncased_10epochs_seed67_freeze0_C0toC3_ensemble,ensemble,majority_vote,mental-mental-bert-base-uncased,C0toC3,10,67,0,1,Cognitive dysfunction,0.44274809160305345,0.41134751773049644,0.4264705882352941,141,ensambled_results\mental-mental-bert-base-uncased_10epochs_seed67_freeze0_C0toC3_ensemble\ensemble_predictions.csv
mental-mental-bert-base-uncased_10epochs_seed67_freeze0_C0toC3_ensemble,ensemble,majority_vote,mental-mental-bert-base-uncased,C0toC3,10,67,0,2,Emptiness,0.6966824644549763,0.5464684014869888,0.6125,269,ensambled_results\mental-mental-bert-base-uncased_10epochs_seed67_freeze0_C0toC3_ensemble\ensemble_predictions.csv
mental-mental-bert-base-uncased_10epochs_seed67_freeze0_C0toC3_ensemble,ensemble,majority_vote,mental-mental-bert-base-uncased,C0toC3,10,67,0,3,Hopelessness,0.6454413892908828,0.6830015313935681,0.6636904761904762,653,ensambled_results\mental-mental-bert-base-uncased_10epochs_seed67_freeze0_C0toC3_ensemble\ensemble_predictions.csv
mental-mental-bert-base-uncased_10epochs_seed67_freeze0_C0toC3_ensemble,ensemble,majority_vote,mental-mental-bert-base-uncased,C0toC3,10,67,0,4,Loneliness,0.7384615384615385,0.7632508833922261,0.7506516072980017,566,ensambled_results\mental-mental-bert-base-uncased_10epochs_seed67_freeze0_C0toC3_ensemble\ensemble_predictions.csv
mental-mental-bert-base-uncased_10epochs_seed67_freeze0_C0toC3_ensemble,ensemble,majority_vote,mental-mental-bert-base-uncased,C0toC3,10,67,0,5,No emotion,0.691812865497076,0.7891927951967979,0.7373013399813025,1499,ensambled_results\mental-mental-bert-base-uncased_10epochs_seed67_freeze0_C0toC3_ensemble\ensemble_predictions.csv
mental-mental-bert-base-uncased_10epochs_seed67_freeze0_C0toC3_ensemble,ensemble,majority_vote,mental-mental-bert-base-uncased,C0toC3,10,67,0,6,Sadness,0.6217798594847775,0.59,0.6054732041049031,900,ensambled_results\mental-mental-bert-base-uncased_10epochs_seed67_freeze0_C0toC3_ensemble\ensemble_predictions.csv
mental-mental-bert-base-uncased_10epochs_seed67_freeze0_C0toC3_ensemble,ensemble,majority_vote,mental-mental-bert-base-uncased,C0toC3,10,67,0,7,Suicide intent,0.7338129496402878,0.7157894736842105,0.7246891651865008,285,ensambled_results\mental-mental-bert-base-uncased_10epochs_seed67_freeze0_C0toC3_ensemble\ensemble_predictions.csv
mental-mental-bert-base-uncased_10epochs_seed67_freeze0_C0toC3_ensemble,ensemble,majority_vote,mental-mental-bert-base-uncased,C0toC3,10,67,0,8,Worthlessness,0.6674876847290641,0.5929978118161926,0.6280417149478563,457,ensambled_results\mental-mental-bert-base-uncased_10epochs_seed67_freeze0_C0toC3_ensemble\ensemble_predictions.csv
mental-mental-roberta-base_10epochs_seed67_freeze0_C0toC3_ensemble,ensemble,mean_logits,mental-mental-roberta-base,C0toC3,10,67,0,0,Anger,0.7377049180327869,0.6468172484599589,0.6892778993435449,487,ensambled_results\mental-mental-roberta-base_10epochs_seed67_freeze0_C0toC3_ensemble\ensemble_predictions.csv
mental-mental-roberta-base_10epochs_seed67_freeze0_C0toC3_ensemble,ensemble,mean_logits,mental-mental-roberta-base,C0toC3,10,67,0,1,Cognitive dysfunction,0.4825174825174825,0.48936170212765956,0.4859154929577465,141,ensambled_results\mental-mental-roberta-base_10epochs_seed67_freeze0_C0toC3_ensemble\ensemble_predictions.csv
mental-mental-roberta-base_10epochs_seed67_freeze0_C0toC3_ensemble,ensemble,mean_logits,mental-mental-roberta-base,C0toC3,10,67,0,2,Emptiness,0.725,0.6468401486988847,0.6836935166994106,269,ensambled_results\mental-mental-roberta-base_10epochs_seed67_freeze0_C0toC3_ensemble\ensemble_predictions.csv
mental-mental-roberta-base_10epochs_seed67_freeze0_C0toC3_ensemble,ensemble,mean_logits,mental-mental-roberta-base,C0toC3,10,67,0,3,Hopelessness,0.6823529411764706,0.7105666156202144,0.6961740435108777,653,ensambled_results\mental-mental-roberta-base_10epochs_seed67_freeze0_C0toC3_ensemble\ensemble_predictions.csv
mental-mental-roberta-base_10epochs_seed67_freeze0_C0toC3_ensemble,ensemble,mean_logits,mental-mental-roberta-base,C0toC3,10,67,0,4,Loneliness,0.7504187604690117,0.7915194346289752,0.7704213241616509,566,ensambled_results\mental-mental-roberta-base_10epochs_seed67_freeze0_C0toC3_ensemble\ensemble_predictions.csv
mental-mental-roberta-base_10epochs_seed67_freeze0_C0toC3_ensemble,ensemble,mean_logits,mental-mental-roberta-base,C0toC3,10,67,0,5,No emotion,0.7457107843137255,0.8118745830553702,0.777387416160971,1499,ensambled_results\mental-mental-roberta-base_10epochs_seed67_freeze0_C0toC3_ensemble\ensemble_predictions.csv
mental-mental-roberta-base_10epochs_seed67_freeze0_C0toC3_ensemble,ensemble,mean_logits,mental-mental-roberta-base,C0toC3,10,67,0,6,Sadness,0.6765053128689492,0.6366666666666667,0.6559816828849456,900,ensambled_results\mental-mental-roberta-base_10epochs_seed67_freeze0_C0toC3_ensemble\ensemble_predictions.csv
mental-mental-roberta-base_10epochs_seed67_freeze0_C0toC3_ensemble,ensemble,mean_logits,mental-mental-roberta-base,C0toC3,10,67,0,7,Suicide intent,0.7938931297709924,0.7298245614035088,0.7605118829981719,285,ensambled_results\mental-mental-roberta-base_10epochs_seed67_freeze0_C0toC3_ensemble\ensemble_predictions.csv
mental-mental-roberta-base_10epochs_seed67_freeze0_C0toC3_ensemble,ensemble,mean_logits,mental-mental-roberta-base,C0toC3,10,67,0,8,Worthlessness,0.6853146853146853,0.6433260393873085,0.6636568848758465,457,ensambled_results\mental-mental-roberta-base_10epochs_seed67_freeze0_C0toC3_ensemble\ensemble_predictions.csv
mental-mental-roberta-base_10epochs_seed67_freeze0_C0toC3_ensemble,ensemble,majority_vote,mental-mental-roberta-base,C0toC3,10,67,0,0,Anger,0.7224770642201835,0.6468172484599589,0.6825568797399784,487,ensambled_results\mental-mental-roberta-base_10epochs_seed67_freeze0_C0toC3_ensemble\ensemble_predictions.csv
mental-mental-roberta-base_10epochs_seed67_freeze0_C0toC3_ensemble,ensemble,majority_vote,mental-mental-roberta-base,C0toC3,10,67,0,1,Cognitive dysfunction,0.4825174825174825,0.48936170212765956,0.4859154929577465,141,ensambled_results\mental-mental-roberta-base_10epochs_seed67_freeze0_C0toC3_ensemble\ensemble_predictions.csv
mental-mental-roberta-base_10epochs_seed67_freeze0_C0toC3_ensemble,ensemble,majority_vote,mental-mental-roberta-base,C0toC3,10,67,0,2,Emptiness,0.7405857740585774,0.6579925650557621,0.6968503937007874,269,ensambled_results\mental-mental-roberta-base_10epochs_seed67_freeze0_C0toC3_ensemble\ensemble_predictions.csv
mental-mental-roberta-base_10epochs_seed67_freeze0_C0toC3_ensemble,ensemble,majority_vote,mental-mental-roberta-base,C0toC3,10,67,0,3,Hopelessness,0.6839762611275965,0.7059724349157733,0.694800301431801,653,ensambled_results\mental-mental-roberta-base_10epochs_seed67_freeze0_C0toC3_ensemble\ensemble_predictions.csv
mental-mental-roberta-base_10epochs_seed67_freeze0_C0toC3_ensemble,ensemble,majority_vote,mental-mental-roberta-base,C0toC3,10,67,0,4,Loneliness,0.745,0.7897526501766784,0.7667238421955404,566,ensambled_results\mental-mental-roberta-base_10epochs_seed67_freeze0_C0toC3_ensemble\ensemble_predictions.csv
mental-mental-roberta-base_10epochs_seed67_freeze0_C0toC3_ensemble,ensemble,majority_vote,mental-mental-roberta-base,C0toC3,10,67,0,5,No emotion,0.7378048780487805,0.8072048032021347,0.7709461611978337,1499,ensambled_results\mental-mental-roberta-base_10epochs_seed67_freeze0_C0toC3_ensemble\ensemble_predictions.csv
mental-mental-roberta-base_10epochs_seed67_freeze0_C0toC3_ensemble,ensemble,majority_vote,mental-mental-roberta-base,C0toC3,10,67,0,6,Sadness,0.677536231884058,0.6233333333333333,0.6493055555555556,900,ensambled_results\mental-mental-roberta-base_10epochs_seed67_freeze0_C0toC3_ensemble\ensemble_predictions.csv
mental-mental-roberta-base_10epochs_seed67_freeze0_C0toC3_ensemble,ensemble,majority_vote,mental-mental-roberta-base,C0toC3,10,67,0,7,Suicide intent,0.7835820895522388,0.7368421052631579,0.759493670886076,285,ensambled_results\mental-mental-roberta-base_10epochs_seed67_freeze0_C0toC3_ensemble\ensemble_predictions.csv
mental-mental-roberta-base_10epochs_seed67_freeze0_C0toC3_ensemble,ensemble,majority_vote,mental-mental-roberta-base,C0toC3,10,67,0,8,Worthlessness,0.6899766899766899,0.6477024070021882,0.6681715575620768,457,ensambled_results\mental-mental-roberta-base_10epochs_seed67_freeze0_C0toC3_ensemble\ensemble_predictions.csv
microsoft-deberta-v3-base_10epochs_seed67_freeze0_C0toC3_ensemble,ensemble,mean_logits,microsoft-deberta-v3-base,C0toC3,10,67,0,0,Anger,0.7365728900255755,0.5913757700205339,0.6560364464692483,487,ensambled_results\microsoft-deberta-v3-base_10epochs_seed67_freeze0_C0toC3_ensemble\ensemble_predictions.csv
microsoft-deberta-v3-base_10epochs_seed67_freeze0_C0toC3_ensemble,ensemble,mean_logits,microsoft-deberta-v3-base,C0toC3,10,67,0,1,Cognitive dysfunction,0.5149253731343284,0.48936170212765956,0.5018181818181818,141,ensambled_results\microsoft-deberta-v3-base_10epochs_seed67_freeze0_C0toC3_ensemble\ensemble_predictions.csv
microsoft-deberta-v3-base_10epochs_seed67_freeze0_C0toC3_ensemble,ensemble,mean_logits,microsoft-deberta-v3-base,C0toC3,10,67,0,2,Emptiness,0.7489361702127659,0.654275092936803,0.6984126984126984,269,ensambled_results\microsoft-deberta-v3-base_10epochs_seed67_freeze0_C0toC3_ensemble\ensemble_predictions.csv
microsoft-deberta-v3-base_10epochs_seed67_freeze0_C0toC3_ensemble,ensemble,mean_logits,microsoft-deberta-v3-base,C0toC3,10,67,0,3,Hopelessness,0.6723076923076923,0.669218989280245,0.6707597851112816,653,ensambled_results\microsoft-deberta-v3-base_10epochs_seed67_freeze0_C0toC3_ensemble\ensemble_predictions.csv
microsoft-deberta-v3-base_10epochs_seed67_freeze0_C0toC3_ensemble,ensemble,mean_logits,microsoft-deberta-v3-base,C0toC3,10,67,0,4,Loneliness,0.7567114093959731,0.7968197879858657,0.7762478485370051,566,ensambled_results\microsoft-deberta-v3-base_10epochs_seed67_freeze0_C0toC3_ensemble\ensemble_predictions.csv
microsoft-deberta-v3-base_10epochs_seed67_freeze0_C0toC3_ensemble,ensemble,mean_logits,microsoft-deberta-v3-base,C0toC3,10,67,0,5,No emotion,0.7126030624263839,0.8072048032021347,0.7569596496715671,1499,ensambled_results\microsoft-deberta-v3-base_10epochs_seed67_freeze0_C0toC3_ensemble\ensemble_predictions.csv
microsoft-deberta-v3-base_10epochs_seed67_freeze0_C0toC3_ensemble,ensemble,mean_logits,microsoft-deberta-v3-base,C0toC3,10,67,0,6,Sadness,0.640295358649789,0.6744444444444444,0.6569264069264069,900,ensambled_results\microsoft-deberta-v3-base_10epochs_seed67_freeze0_C0toC3_ensemble\ensemble_predictions.csv
microsoft-deberta-v3-base_10epochs_seed67_freeze0_C0toC3_ensemble,ensemble,mean_logits,microsoft-deberta-v3-base,C0toC3,10,67,0,7,Suicide intent,0.8170731707317073,0.7052631578947368,0.7570621468926554,285,ensambled_results\microsoft-deberta-v3-base_10epochs_seed67_freeze0_C0toC3_ensemble\ensemble_predictions.csv
microsoft-deberta-v3-base_10epochs_seed67_freeze0_C0toC3_ensemble,ensemble,mean_logits,microsoft-deberta-v3-base,C0toC3,10,67,0,8,Worthlessness,0.7771587743732591,0.6105032822757112,0.6838235294117647,457,ensambled_results\microsoft-deberta-v3-base_10epochs_seed67_freeze0_C0toC3_ensemble\ensemble_predictions.csv
microsoft-deberta-v3-base_10epochs_seed67_freeze0_C0toC3_ensemble,ensemble,majority_vote,microsoft-deberta-v3-base,C0toC3,10,67,0,0,Anger,0.733502538071066,0.5934291581108829,0.656072644721907,487,ensambled_results\microsoft-deberta-v3-base_10epochs_seed67_freeze0_C0toC3_ensemble\ensemble_predictions.csv
microsoft-deberta-v3-base_10epochs_seed67_freeze0_C0toC3_ensemble,ensemble,majority_vote,microsoft-deberta-v3-base,C0toC3,10,67,0,1,Cognitive dysfunction,0.48936170212765956,0.48936170212765956,0.48936170212765956,141,ensambled_results\microsoft-deberta-v3-base_10epochs_seed67_freeze0_C0toC3_ensemble\ensemble_predictions.csv
microsoft-deberta-v3-base_10epochs_seed67_freeze0_C0toC3_ensemble,ensemble,majority_vote,microsoft-deberta-v3-base,C0toC3,10,67,0,2,Emptiness,0.7457627118644068,0.654275092936803,0.697029702970297,269,ensambled_results\microsoft-deberta-v3-base_10epochs_seed67_freeze0_C0toC3_ensemble\ensemble_predictions.csv
microsoft-deberta-v3-base_10epochs_seed67_freeze0_C0toC3_ensemble,ensemble,majority_vote,microsoft-deberta-v3-base,C0toC3,10,67,0,3,Hopelessness,0.6717557251908397,0.6738131699846861,0.672782874617737,653,ensambled_results\microsoft-deberta-v3-base_10epochs_seed67_freeze0_C0toC3_ensemble\ensemble_predictions.csv
microsoft-deberta-v3-base_10epochs_seed67_freeze0_C0toC3_ensemble,ensemble,majority_vote,microsoft-deberta-v3-base,C0toC3,10,67,0,4,Loneliness,0.7520798668885191,0.7985865724381626,0.7746358183376179,566,ensambled_results\microsoft-deberta-v3-base_10epochs_seed67_freeze0_C0toC3_ensemble\ensemble_predictions.csv
microsoft-deberta-v3-base_10epochs_seed67_freeze0_C0toC3_ensemble,ensemble,majority_vote,microsoft-deberta-v3-base,C0toC3,10,67,0,5,No emotion,0.7164002368265245,0.8072048032021347,0.7590966122961104,1499,ensambled_results\microsoft-deberta-v3-base_10epochs_seed67_freeze0_C0toC3_ensemble\ensemble_predictions.csv
microsoft-deberta-v3-base_10epochs_seed67_freeze0_C0toC3_ensemble,ensemble,majority_vote,microsoft-deberta-v3-base,C0toC3,10,67,0,6,Sadness,0.6402569593147751,0.6644444444444444,0.6521264994547438,900,ensambled_results\microsoft-deberta-v3-base_10epochs_seed67_freeze0_C0toC3_ensemble\ensemble_predictions.csv
microsoft-deberta-v3-base_10epochs_seed67_freeze0_C0toC3_ensemble,ensemble,majority_vote,microsoft-deberta-v3-base,C0toC3,10,67,0,7,Suicide intent,0.8104838709677419,0.7052631578947368,0.7542213883677298,285,ensambled_results\microsoft-deberta-v3-base_10epochs_seed67_freeze0_C0toC3_ensemble\ensemble_predictions.csv
microsoft-deberta-v3-base_10epochs_seed67_freeze0_C0toC3_ensemble,ensemble,majority_vote,microsoft-deberta-v3-base,C0toC3,10,67,0,8,Worthlessness,0.7855153203342619,0.6170678336980306,0.6911764705882353,457,ensambled_results\microsoft-deberta-v3-base_10epochs_seed67_freeze0_C0toC3_ensemble\ensemble_predictions.csv
